"";"player_name";"wins";"losses";"total_matches_played";"wins_percentage"
"189";"Novak Djokovic";361;78;439;82,23
"204";"Rafael Nadal";358;80;438;81,74
"36";"Carlos Alcaraz";24;9;33;72,73
"215";"Roger Federer";129;51;180;71,67
"75";"Fernando Gonzalez";14;6;20;70
"20";"Andy Murray";201;87;288;69,79
"11";"Alexander Zverev";98;47;145;67,59
"228";"Stefanos Tsitsipas";71;35;106;66,98
"97";"Hugo Dellien";10;5;15;66,67
"176";"Milos Raonic";116;62;178;65,17
"40";"Christopher Eubanks";9;5;14;64,29
"47";"Daniil Medvedev";63;35;98;64,29
"110";"James Duckworth";18;10;28;64,29
"94";"Holger Rune";12;7;19;63,16
"113";"Jannik Sinner";27;16;43;62,79
"138";"Kei Nishikori";106;63;169;62,72
"39";"Casper Ruud";43;26;69;62,32
"21";"Andy Roddick";23;14;37;62,16
"132";"Juan Martin del Potro";46;28;74;62,16
"96";"Hubert Hurkacz";48;30;78;61,54
"237";"Thiemo De Bakker";8;5;13;61,54
"180";"Nick Kyrgios";50;32;82;60,98
"35";"Cameron Norrie";40;26;66;60,61
"244";"Tommy Paul";32;21;53;60,38
"125";"John Isner";137;91;228;60,09
"55";"Dmitry Tursunov";9;6;15;60
"109";"James Blake";16;11;27;59,26
"206";"Reilly Opelka";30;21;51;58,82
"85";"Gael Monfils";103;73;176;58,52
"243";"Tommy Haas";19;14;33;57,58
"56";"Dominic Thiem";66;49;115;57,39
"252";"Yoshihito Nishioka";40;30;70;57,14
"225";"Stan Wawrinka";140;106;246;56,91
"53";"Denis Shapovalov";48;37;85;56,47
"146";"Lorenzo Musetti";18;14;32;56,25
"211";"Roberto Bautista Agut";90;71;161;55,9
"49";"David Goffin";86;68;154;55,84
"48";"David Ferrer";72;58;130;55,38
"209";"Richard Gasquet";119;96;215;55,35
"158";"Marcos Giron";26;21;47;55,32
"90";"Grigor Dimitrov";104;85;189;55,03
"117";"Jenson Brooksby";11;9;20;55
"4";"Alejandro Davidovich Fokina";23;19;42;54,76
"245";"Tommy Robredo";30;25;55;54,55
"12";"Alexandr Dolgopolov";29;25;54;53,7
"19";"Andrey Rublev";46;40;86;53,49
"221";"Sebastian Korda";16;14;30;53,33
"232";"Taylor Fritz";48;42;90;53,33
"30";"Borna Coric";57;50;107;53,27
"122";"Jo-Wilfried Tsonga";52;46;98;53,06
"17";"Andrey Golubev";9;8;17;52,94
"235";"Thanasi Kokkinakis";18;16;34;52,94
"129";"Juan Carlos Ferrero";10;9;19;52,63
"65";"Ernesto Escobedo";12;11;23;52,17
"139";"Kevin Anderson";85;78;163;52,15
"108";"Jack Sock";52;48;100;52
"242";"Tomas Berdych";68;63;131;51,91
"89";"Gilles Simon";109;101;210;51,9
"102";"Ilya Ivashka";14;13;27;51,85
"74";"Felix Auger Aliassime";34;32;66;51,52
"181";"Nicolas Almagro";21;20;41;51,22
"54";"Diego Schwartzman";56;54;110;50,91
"192";"Pablo Carreno Busta";57;55;112;50,89
"81";"Frances Tiafoe";36;35;71;50,7
"41";"Corentin Moutet";8;8;16;50
"50";"David Nalbandian";13;13;26;50
"57";"Dominik Koepfer";14;14;28;50
"59";"Dusan Lajovic";50;50;100;50
"107";"Jack Draper";4;4;8;50
"160";"Marin Cilic";110;110;220;50
"182";"Nicolas Jarry";6;6;12;50
"184";"Nicolas Kiefer";7;7;14;50
"190";"Olivier Rochus";8;8;16;50
"42";"Cristian Garin";16;17;33;48,48
"77";"Filip Krajinovic";29;31;60;48,33
"3";"Albert Ramos";68;73;141;48,23
"111";"Jan Lennard Struff";39;42;81;48,15
"63";"Emil Ruusuvuori";12;13;25;48
"186";"Nikolay Davydenko";19;21;40;47,5
"144";"Lleyton Hewitt";9;10;19;47,37
"137";"Karen Khachanov";42;47;89;47,19
"38";"Carlos Moya";8;9;17;47,06
"99";"Hyeon Chung";8;9;17;47,06
"112";"Janko Tipsarevic";16;18;34;47,06
"136";"Kamil Majchrzak";8;9;17;47,06
"177";"Miomir Kecmanovic";22;25;47;46,81
"179";"Mitchell Krueger";7;8;15;46,67
"76";"Fernando Verdasco";104;119;223;46,64
"148";"Lucas Pouille";34;39;73;46,58
"68";"Fabio Fognini";88;101;189;46,56
"118";"Jeremy Chardy";74;85;159;46,54
"199";"Philipp Kohlschreiber";73;85;158;46,2
"104";"Ivan Ljubicic";12;14;26;46,15
"10";"Alexander Bublik";17;20;37;45,95
"127";"Jordan Thompson";11;13;24;45,83
"202";"Radek Stepanek";21;25;46;45,65
"13";"Alexei Popyrin";15;18;33;45,45
"152";"Mackenzie Mcdonald";20;24;44;45,45
"165";"Matteo Berrettini";20;24;44;45,45
"214";"Robin Soderling";10;12;22;45,45
"147";"Lorenzo Sonego";21;26;47;44,68
"156";"Marco Cecchinato";21;26;47;44,68
"24";"Benjamin Becker";12;15;27;44,44
"82";"Francisco Cerundolo";4;5;9;44,44
"84";"Frederico Gil";4;5;9;44,44
"201";"Pierre Hugues Herbert";28;35;63;44,44
"73";"Feliciano Lopez";95;120;215;44,19
"8";"Alex De Minaur";25;32;57;43,86
"31";"Botic Van De Zandschulp";7;9;16;43,75
"83";"Frank Dancevic";7;9;16;43,75
"98";"Hugo Gaston";7;9;16;43,75
"106";"J J Wolf";7;9;16;43,75
"45";"Daniel Evans";24;31;55;43,64
"188";"Norbert Gombos";10;13;23;43,48
"133";"Juan Monaco";23;30;53;43,4
"159";"Mardy Fish";13;17;30;43,33
"174";"Mikhail Kukushkin";38;51;89;42,7
"218";"Sam Querrey";62;84;146;42,47
"185";"Nicolas Mahut";14;19;33;42,42
"213";"Robin Haase";22;30;52;42,31
"71";"Federico Delbonis";35;48;83;42,17
"247";"Vasek Pospisil";37;51;88;42,05
"43";"Damir Dzumhur";21;29;50;42
"134";"Julien Benneteau";21;29;50;42
"26";"Benoit Paire";52;72;124;41,94
"140";"Kyle Edmund";18;25;43;41,86
"1";"Adrian Mannarino";51;71;122;41,8
"178";"Mischa Zverev";28;39;67;41,79
"32";"Bradley Klahn";10;14;24;41,67
"37";"Carlos Berlocq";10;14;24;41,67
"149";"Lukas Lacko";5;7;12;41,67
"207";"Renzo Olivo";5;7;12;41,67
"105";"Ivo Karlovic";59;83;142;41,55
"14";"Aljaz Bedene";17;24;41;41,46
"80";"Florian Mayer";14;20;34;41,18
"222";"Sergiy Stakhovsky";11;16;27;40,74
"164";"Marton Fucsovics";19;28;47;40,43
"187";"Nikoloz Basilashvili";27;40;67;40,3
"6";"Alejandro Gonzalez";4;6;10;40
"62";"Elias Ymer";6;9;15;40
"64";"Emilio Gomez";4;6;10;40
"66";"Ernests Gulbis";18;27;45;40
"87";"Gianluca Mager";6;9;15;40
"143";"Liam Broady";4;6;10;40
"154";"Marat Safin";6;9;15;40
"169";"Maximilian Marterer";4;6;10;40
"175";"Mikhail Youzhny";26;39;65;40
"28";"Bernard Tomic";33;50;83;39,76
"251";"Yen Hsun Lu";27;41;68;39,71
"23";"Aslan Karatsev";11;17;28;39,29
"145";"Lloyd Harris";11;17;28;39,29
"103";"Ivan Dodig";9;14;23;39,13
"16";"Andreas Seppi";59;93;152;38,82
"126";"John Millman";19;30;49;38,78
"69";"Facundo Bagnis";5;8;13;38,46
"200";"Philipp Petzschner";5;8;13;38,46
"203";"Radu Albot";13;21;34;38,24
"193";"Pablo Cuevas";19;31;50;38
"5";"Alejandro Falla";9;15;24;37,5
"27";"Bernabe Zapata Miralles";3;5;8;37,5
"173";"Mikael Ymer";6;10;16;37,5
"58";"Donald Young";14;24;38;36,84
"93";"Henri Laaksonen";7;12;19;36,84
"100";"Igor Andreev";7;12;19;36,84
"131";"Juan Ignacio Londero";7;12;19;36,84
"157";"Marcos Baghdatis";14;24;38;36,84
"161";"Marinko Matosevic";7;12;19;36,84
"92";"Guillermo Garcia Lopez";19;33;52;36,54
"29";"Bjorn Fratangelo";8;14;22;36,36
"44";"Daniel Elahi Galan";4;7;11;36,36
"183";"Nicolas Kicker";4;7;11;36,36
"220";"Sebastian Baez";4;7;11;36,36
"229";"Stephane Robert";4;7;11;36,36
"230";"Steve Johnson";26;46;72;36,11
"119";"Jerzy Janowicz";9;16;25;36
"163";"Martin Klizan";9;16;25;36
"208";"Ricardas Berankis";14;25;39;35,9
"231";"Taro Daniel";14;25;39;35,9
"153";"Malek Jaziri";10;18;28;35,71
"205";"Rajeev Ram";5;9;14;35,71
"197";"Peter Gojowczyk";11;20;31;35,48
"91";"Guido Pella";17;31;48;35,42
"33";"Brandon Nakashima";6;11;17;35,29
"135";"Jurgen Melzer";13;24;37;35,14
"198";"Peter Polansky";13;24;37;35,14
"196";"Pedro Martinez";7;13;20;35
"227";"Stefano Travaglia";7;13;20;35
"123";"Joao Sousa";36;67;103;34,95
"101";"Illya Marchenko";8;15;23;34,78
"141";"Laslo Djere";11;21;32;34,38
"219";"Santiago Giraldo";12;23;35;34,29
"60";"Edouard Roger Vasselin";6;12;18;33,33
"121";"Jiri Vesely";7;14;21;33,33
"150";"Lukas Rosol";9;18;27;33,33
"162";"Marius Copil";9;18;27;33,33
"167";"Matthew Ebden";9;18;27;33,33
"171";"Michael Llodra";8;16;24;33,33
"172";"Michael Russell";4;8;12;33,33
"191";"Pablo Andujar";21;42;63;33,33
"240";"Tim Smyczek";9;18;27;33,33
"155";"Marcel Granollers";15;31;46;32,61
"246";"Ugo Humbert";11;23;34;32,35
"2";"Albert Montanes";9;19;28;32,14
"114";"Jared Donaldson";9;19;28;32,14
"236";"Thiago Monteiro";7;15;22;31,82
"216";"Ryan Harrison";12;26;38;31,58
"52";"Denis Kudla";16;35;51;31,37
"7";"Alex Bogomolov Jr";5;11;16;31,25
"238";"Thomas Fabbiano";10;22;32;31,25
"233";"Tennys Sandgren";9;20;29;31,03
"18";"Andrey Kuznetsov";4;9;13;30,77
"34";"Brayden Schnur";4;9;13;30,77
"194";"Paolo Lorenzi";15;34;49;30,61
"67";"Evgeny Donskoy";11;25;36;30,56
"253";"Yuichi Sugita";7;16;23;30,43
"22";"Arnaud Clement";3;7;10;30
"79";"Florent Serra";3;7;10;30
"128";"Jozef Kovalik";3;7;10;30
"130";"Juan Ignacio Chela";6;14;20;30
"166";"Matteo Viola";3;7;10;30
"249";"Viktor Troicki";17;40;57;29,82
"223";"Simone Bolelli";8;19;27;29,63
"210";"Robby Ginepri";5;12;17;29,41
"15";"Andrea Arnaboldi";2;5;7;28,57
"46";"Daniel Gimeno Traver";4;10;14;28,57
"212";"Roberto Carballes Baena";8;20;28;28,57
"239";"Thomaz Bellucci";11;28;39;28,21
"248";"Victor Hanescu";7;18;25;28
"70";"Federico Coria";5;13;18;27,78
"142";"Leonardo Mayer";10;26;36;27,78
"217";"Salvatore Caruso";5;13;18;27,78
"224";"Soon Woo Kwon";5;13;18;27,78
"116";"Jaume Munar";6;16;22;27,27
"168";"Maxime Cressy";4;11;15;26,67
"9";"Alex Kuznetsov";2;6;8;25
"25";"Benjamin Bonzi";3;9;12;25
"195";"Paul Henri Mathieu";9;27;36;25
"250";"Xavier Malisse";3;9;12;25
"51";"Denis Istomin";6;19;25;24
"234";"Teymuraz Gabashvili";4;13;17;23,53
"170";"Michael Berrer";4;14;18;22,22
"115";"Jarkko Nieminen";5;19;24;20,83
"72";"Federico Gaio";2;8;10;20
"151";"Lukasz Kubot";4;16;20;20
"78";"Filippo Volandri";3;13;16;18,75
"95";"Horacio Zeballos";4;18;22;18,18
"120";"Jesse Levine";2;9;11;18,18
"88";"Gilles Muller";4;19;23;17,39
"124";"Joao Souza";2;10;12;16,67
"241";"Tobias Kamke";2;10;12;16,67
"61";"Egor Gerasimov";2;11;13;15,38
"86";"Gaston Gaudio";1;6;7;14,29
"226";"Stefan Kozlov";1;8;9;11,11
"254";"Go Soeda";0;10;10;0
"255";"Rainer Schuettler";0;9;9;0
"256";"Ze Zhang";0;10;10;0
